Parameters;precision-mean;precision-std;recall-mean;recall-std;f1-score-mean;f1-score-std;auc_roc-mean;auc_roc-std;accuracy-mean;accuracy-std;time-mean;time-std
SVDD_RBF_0.0001_scale_;0.1;0.30000000000000004;5.122950819672131e-05;0.00015368852459016395;0.00010240655401945727;0.0003072196620583718;0.5285798442056986;0.016429088218689443;0.6068357152773067;8.895375192162468e-05;0.6996202230453491;0.01977543576806518
SVDD_RBF_0.0005_scale_;0.17422004107207792;0.01946423637784575;0.01759643085787452;0.0030929962242464046;0.03193833567652786;0.005380127300789487;0.5504257980945245;0.008148759105360996;0.5811564437113567;0.0024035895316155934;2.7347819089889525;0.10664134514028932
SVDD_RBF_0.001_scale_;0.4094707342458478;0.021803242627407526;0.15757348581054137;0.01347002444733733;0.22716790128130585;0.015000645142061736;0.5652884650308396;0.007175682654899877;0.5791222577780644;0.007796309949129087;4.691089391708374;0.2097299940736986
SVDD_RBF_0.005_scale_;0.4238406036568193;0.01962444395658982;0.19212612954178124;0.011303599314043658;0.26413785629315106;0.012042511535784582;0.566568982185076;0.006482312650961357;0.579404233622874;0.007888731260593772;5.529069972038269;0.25112311125812553
SVDD_RBF_0.01_scale_;0.4233726549130486;0.019647730874499898;0.19322748525429778;0.011280940193605024;0.2650724221858817;0.011815617062598443;0.5667445842336674;0.0066171777308364176;0.579021557913754;0.008057263637544266;5.750100946426391;0.35193442009837705
SVDD_RBF_0.05_scale_;0.4235230031359786;0.019403754578989525;0.19345801148170694;0.011508412568341148;0.2653267889686562;0.012174114249560948;0.5667620076406311;0.00669262100799205;0.5790819829025716;0.007906741148509307;6.294608783721924;0.6354122439352109
SVDD_RBF_0.1_scale_;0.4242446328615017;0.019313833563701213;0.1940214967150144;0.011206767832303118;0.2660063558713167;0.011841334429995836;0.566751805658962;0.006677290382972425;0.5793035226040546;0.007889431143087716;5.5793774127960205;0.22499352583445553
SVDD_RBF_0.2_scale_;0.4238352661535892;0.019497405174285647;0.19371415246321444;0.0113795491681225;0.2656384343696396;0.012122471588084827;0.5667514789037661;0.00667222682764874;0.579182682766882;0.007925349518802756;6.134837102890015;0.7557791546129558
SVDD_RBF_0.3_scale_;0.42027127448391177;0.021708945047683507;0.1935860655737705;0.011433107839987532;0.26471405867562525;0.011541612708008091;0.5667464158557889;0.00668751498920723;0.5774706998937178;0.009494859498637395;5.564244794845581;0.21497706304245676
SVDD_RBF_0.4_scale_;0.4235326639537071;0.019064667412615373;0.19356047705757645;0.011222293677130967;0.2654317381456358;0.011811554118292674;0.5667500607855305;0.006684305805354542;0.5790719124091174;0.007801341300233296;5.740878057479859;0.3369088060189563
SVDD_RBF_0.5_scale_;0.4232945114531539;0.0185785885091037;0.19297138362964675;0.01117872485462031;0.26482270105873384;0.011614729605764339;0.5670424607525668;0.006700168685400936;0.5790517693941164;0.007661108601389107;5.678674721717835;0.25186233640353306
SVDD_RBF_0.6_scale_;0.42315128661825463;0.020403075014707905;0.1871570968283621;0.012194238076847204;0.2592234864800228;0.013014005535371458;0.5683832775583093;0.007136557981957725;0.5798070320660695;0.008052295466712236;5.998473405838013;0.6580744156388237
SVDD_RBF_0.7_scale_;0.42020068064192095;0.02799820322036049;0.17099515123528053;0.012954288365753037;0.24266164612328872;0.014746615541975008;0.5710189391894411;0.008076766832826444;0.5807536310715132;0.010481851953433648;5.742682361602784;0.18209559101022452
SVDD_RBF_0.8_scale_;0.4106460157524571;0.028479347045935705;0.13790255504712326;0.014987925628739261;0.20614228477135446;0.01896475921877159;0.5741019547288577;0.009148256261549845;0.5831604627823219;0.007789666207941204;5.8186629056930546;0.15811391173186323
SVDD_RBF_0.9_scale_;0.37433248122223334;0.03333513263784395;0.08544653633424991;0.01437884614432155;0.13878805604120903;0.02057003254009954;0.5768567799623004;0.010283824330106332;0.5844595980138078;0.006061998248635805;6.53114013671875;0.503354011876326
SVDD_RBF_0.0001_auto_;0.0;0.0;0.0;0.0;0.0;0.0;0.45300372514878146;0.0377268792760193;0.6068357142632603;2.4442571162985872e-05;0.09015474319458008;0.002179640397679945
SVDD_RBF_0.0005_auto_;0.0;0.0;0.0;0.0;0.0;0.0;0.45300372727359023;0.037726874742869655;0.6068357142632603;2.4442571162985872e-05;0.09072120189666748;0.002831106617388816
SVDD_RBF_0.001_auto_;0.0;0.0;0.0;0.0;0.0;0.0;0.45300372727359023;0.037726874742869655;0.6068357142632603;2.4442571162985872e-05;0.09060261249542237;0.001779038780544576
SVDD_RBF_0.005_auto_;0.0;0.0;0.0;0.0;0.0;0.0;0.5153939130484158;0.04112976374750217;0.6068357142632603;2.4442571162985872e-05;0.1339047908782959;0.006392059897012495
SVDD_RBF_0.01_auto_;0.3;0.45825756949558394;7.684426229508196e-05;0.00011738154956341805;0.00015364916773367475;0.00023470298053551036;0.539315952077444;0.03008166154144267;0.6068659257436229;5.886932265946726e-05;0.21193435192108154;0.006183765308034271
SVDD_RBF_0.05_auto_;0.17841829366391146;0.026777725552174364;0.017955234199534015;0.005576588609860297;0.03252281924065635;0.009458335095543828;0.5279932263089113;0.018501809529040226;0.5820527014040383;0.0038235144307380477;0.7664909124374389;0.0311607746535073
SVDD_RBF_0.1_auto_;0.41302168721944843;0.025119974636775778;0.1831363282151928;0.021207112665290434;0.25232950611197913;0.017101921167728414;0.5417206072107184;0.01702147544496803;0.5750235892512313;0.014030969673628872;1.442466950416565;0.04407099933373676
SVDD_RBF_0.2_auto_;0.43062448756421234;0.008531431559348936;0.48665642513801144;0.019590745999035677;0.4567275279449837;0.01036141919168489;0.5445474386378407;0.008325829336605025;0.5450646419002092;0.008600532705348812;2.4389987707138063;0.06063256449183403
SVDD_RBF_0.3_auto_;0.43252053876405283;0.006740635426964151;0.5672103860120485;0.02170204610564674;0.4905590767142166;0.008398977919052607;0.5487260274525382;0.007580715134038428;0.5370688495837797;0.008764907890022555;3.094754219055176;0.0865206014288029
SVDD_RBF_0.4_auto_;0.43703976172882963;0.004682542771782141;0.5760724743393296;0.022920458910158047;0.4968142172196714;0.009169896656520045;0.5546701280532473;0.006779625586337839;0.5415299635967531;0.005989355433957115;3.448567748069763;0.14240744687217108
SVDD_RBF_0.5_auto_;0.4427785801544043;0.005538448986019501;0.5464120256186897;0.02239380481973247;0.48891120408466787;0.00874411066659994;0.5612521057349638;0.007229224496212459;0.551167181447253;0.007096843571371937;3.8635210514068605;0.19584532221550813
SVDD_RBF_0.6_auto_;0.4479439064893434;0.006454818486557483;0.48975457064293354;0.02527479387695572;0.4675608729610131;0.011674961293318761;0.5677333152647162;0.008360350774429023;0.561952550138757;0.007018314700607704;4.726183629035949;0.5360301458300674
SVDD_RBF_0.7_auto_;0.4580746695284172;0.014962306187098939;0.4098649797443379;0.03134950876795378;0.43176317750083976;0.016885594803927574;0.5727732271284257;0.007643563366897883;0.5767558489935033;0.012178986833421697;4.597688508033753;0.13917853677669828
SVDD_RBF_0.8_auto_;0.4589513852075613;0.019080411761690143;0.2953228508532567;0.02964962903121934;0.3585610702665502;0.023952939458288254;0.5774089493417509;0.008954826852781409;0.5859297653304274;0.009520120100047732;5.199418020248413;0.2776016875158718
SVDD_RBF_0.9_auto_;0.4354887862716854;0.026728790423174817;0.16543642818160825;0.031240659830867462;0.23857770186623445;0.0348247006946519;0.5801743974910479;0.009635236040579741;0.5880747895625841;0.00668039615411755;5.78351743221283;0.5048796586549362
SVDD_linear_0.0001_scale_;0.10692323049295296;0.021352528588249937;0.008170765464620809;0.0018666411810288979;0.015169571967454226;0.0034109862249495516;0.5300467918598926;0.015816913328477542;0.583281274226199;0.002923664621358915;0.3422002077102661;0.03697376727135545
SVDD_linear_0.0005_scale_;0.4349542792362274;0.006798104452146063;0.5425956371612687;0.016105441323063723;0.48270846507163023;0.007475612038712749;0.5495777481170616;0.008259911509668868;0.5428995263694112;0.007991177780792592;1.2874979734420777;0.12562014631743837
SVDD_linear_0.001_scale_;0.4337020801726421;0.006361454073903461;0.5937714429273105;0.01599148361828995;0.5011665695175305;0.0075693284583015965;0.5519944709093022;0.007015688405821537;0.5353770867931325;0.007853568430942917;1.4882387399673462;0.16167304578345165
SVDD_linear_0.005_scale_;0.4345133173586633;0.006371747937167265;0.6129044900925673;0.016476023881810884;0.5084046285013308;0.007242833330647852;0.5528201689903434;0.007262400914773068;0.5340880788416914;0.008272184678427233;1.7267176866531373;0.17995512728637328
SVDD_linear_0.01_scale_;0.4336544588882659;0.006172220272084699;0.6121105114292311;0.016948935801679835;0.5075567164861767;0.007874599726715925;0.5527994345778859;0.007195761948976518;0.5331313880478221;0.007686046486026132;1.7502573251724243;0.18252958303419395
SVDD_linear_0.05_scale_;0.43377599293777064;0.00630783851736317;0.6132374950147981;0.016895124632871444;0.5080292603405983;0.00797384012732493;0.5527354017278172;0.007262112726123261;0.5331515209223602;0.00781773468780828;1.7902323722839355;0.18998534777727677
SVDD_linear_0.1_scale_;0.4337810867702648;0.00620890447981519;0.6130325901009634;0.016774909605094764;0.5079624215449328;0.00784196921116515;0.5527558450937301;0.007261742062964142;0.5331817303746303;0.007722250173810206;1.795921754837036;0.19223166522802076
SVDD_linear_0.2_scale_;0.4338786237546864;0.006087729408409422;0.6132374950147982;0.016689604547704386;0.5080998791779099;0.007720604504304614;0.5527564166335299;0.007264583364910796;0.5332824322670333;0.00760853755593827;1.7971681594848632;0.19059969610871472
SVDD_linear_0.3_scale_;0.43527040415879154;0.006514442616066679;0.6107529884973026;0.017116169049150448;0.5081732051652394;0.007595501316318349;0.5533219682612724;0.007084622181115653;0.535306577114213;0.008354949817589842;1.7992119550704957;0.19155145065207935
SVDD_linear_0.4_scale_;0.43904368536613203;0.005116817405670863;0.5901342462374846;0.02035154818252807;0.5033293372906871;0.00798843990938679;0.5567870500581263;0.007267471804669934;0.5423255214251244;0.00667885154739122;1.8300934791564942;0.19834474636602223
SVDD_linear_0.5_scale_;0.4432519424121786;0.0059322822277342695;0.5447216814298608;0.02253475017393094;0.4885420083721236;0.009694909855644406;0.5621451525966167;0.007278243428598842;0.5519023751295824;0.006951753710697478;1.9142719745635985;0.20769596251300793
SVDD_linear_0.6_scale_;0.45040945088064904;0.009775053115161404;0.4803801216389244;0.023635147154509758;0.46452834735659126;0.011110975814809859;0.5678267112012654;0.007760323217713257;0.5649635972601688;0.009449511485102155;2.1326340198516847;0.18271239015202018
SVDD_linear_0.7_scale_;0.4584944264535866;0.014995935325655338;0.39670034738985327;0.02461802309378658;0.42473860169719424;0.013851942451432758;0.5732787948004031;0.007747518325727722;0.5780649350609843;0.011528910631473524;2.2212870359420775;0.2875988696897089
SVDD_linear_0.8_scale_;0.45464644922501557;0.021782737567297393;0.29066106399949626;0.03014844354241662;0.35377373792960215;0.025369808021160473;0.5771715356334332;0.008811899147440674;0.5838955652004876;0.010814476310140746;2.366055655479431;0.25864564832090103
SVDD_linear_0.9_scale_;0.43538163381185085;0.026246452393147154;0.16259357748577905;0.0274896646824842;0.2358218155076565;0.031115507336382697;0.5800986196710085;0.009619442215102204;0.5882157815411737;0.006827245849012736;2.5498136043548585;0.25902808008409206
SVDD_linear_0.0001_auto_;0.10692323049295296;0.021352528588249937;0.008170765464620809;0.0018666411810288979;0.015169571967454226;0.0034109862249495516;0.5300467918598926;0.015816913328477542;0.583281274226199;0.002923664621358915;0.33941195011138914;0.03665288170616502
SVDD_linear_0.0005_auto_;0.4349542792362274;0.006798104452146063;0.5425956371612687;0.016105441323063723;0.48270846507163023;0.007475612038712749;0.5495777481170616;0.008259911509668868;0.5428995263694112;0.007991177780792592;1.205441951751709;0.11602285810045422
SVDD_linear_0.001_auto_;0.4337020801726421;0.006361454073903461;0.5937714429273105;0.01599148361828995;0.5011665695175305;0.0075693284583015965;0.5519944709093022;0.007015688405821537;0.5353770867931325;0.007853568430942917;1.469929313659668;0.15012831710970803
SVDD_linear_0.005_auto_;0.4345133173586633;0.006371747937167265;0.6129044900925673;0.016476023881810884;0.5084046285013308;0.007242833330647852;0.5528201689903434;0.007262400914773068;0.5340880788416914;0.008272184678427233;1.8022606134414674;0.14201105161422575
SVDD_linear_0.01_auto_;0.4336544588882659;0.006172220272084699;0.6121105114292311;0.016948935801679835;0.5075567164861767;0.007874599726715925;0.5527994345778859;0.007195761948976518;0.5331313880478221;0.007686046486026132;1.7917267322540282;0.21750184855865354
SVDD_linear_0.05_auto_;0.43377599293777064;0.00630783851736317;0.6132374950147981;0.016895124632871444;0.5080292603405983;0.00797384012732493;0.5527354017278172;0.007262112726123261;0.5331515209223602;0.00781773468780828;1.7922765254974364;0.19510578215361327
SVDD_linear_0.1_auto_;0.4337810867702648;0.00620890447981519;0.6130325901009634;0.016774909605094764;0.5079624215449328;0.00784196921116515;0.5527558450937301;0.007261742062964142;0.5331817303746303;0.007722250173810206;1.7931838274002074;0.19673646966722658
SVDD_linear_0.2_auto_;0.4338786237546864;0.006087729408409422;0.6132374950147982;0.016689604547704386;0.5080998791779099;0.007720604504304614;0.5527564166335299;0.007264583364910796;0.5332824322670333;0.00760853755593827;1.8018072128295899;0.19646901181461252
SVDD_linear_0.3_auto_;0.43527040415879154;0.006514442616066679;0.6107529884973026;0.017116169049150448;0.5081732051652394;0.007595501316318349;0.5533219682612724;0.007084622181115653;0.535306577114213;0.008354949817589842;1.8080036878585815;0.18651436062888024
SVDD_linear_0.4_auto_;0.43904368536613203;0.005116817405670863;0.5901342462374846;0.02035154818252807;0.5033293372906871;0.00798843990938679;0.5567870500581263;0.007267471804669934;0.5423255214251244;0.00667885154739122;1.9500997066497803;0.21638903928462438
SVDD_linear_0.5_auto_;0.4432519424121786;0.0059322822277342695;0.5447216814298608;0.02253475017393094;0.4885420083721236;0.009694909855644406;0.5621451525966167;0.007278243428598842;0.5519023751295824;0.006951753710697478;1.9221837997436524;0.19844908698685265
SVDD_linear_0.6_auto_;0.45040945088064904;0.009775053115161404;0.4803801216389244;0.023635147154509758;0.46452834735659126;0.011110975814809859;0.5678267112012654;0.007760323217713257;0.5649635972601688;0.009449511485102155;2.0430597066879272;0.211001975799131
SVDD_linear_0.7_auto_;0.4584944264535866;0.014995935325655338;0.39670034738985327;0.02461802309378658;0.42473860169719424;0.013851942451432758;0.5732787948004031;0.007747518325727722;0.5780649350609843;0.011528910631473524;2.288533163070679;0.24216913883204202
SVDD_linear_0.8_auto_;0.45464644922501557;0.021782737567297393;0.29066106399949626;0.03014844354241662;0.35377373792960215;0.025369808021160473;0.5771715356334332;0.008811899147440674;0.5838955652004876;0.010814476310140746;2.3779561042785646;0.274050192342039
SVDD_linear_0.9_auto_;0.43538163381185085;0.026246452393147154;0.16259357748577905;0.0274896646824842;0.2358218155076565;0.031115507336382697;0.5800986196710085;0.009619442215102204;0.5882157815411737;0.006827245849012736;2.546998071670532;0.2605063704147683
SVDD_sigmoid_0.0001_scale_;0.32103491881728974;0.03938757941851143;0.05307156650783988;0.013409687084031029;0.09077001529829995;0.021305337941711775;0.5324363993052182;0.015906882499719367;0.584399126378862;0.0044131858381098185;0.3566459894180298;0.03410983443810113
SVDD_sigmoid_0.0005_scale_;0.42498810254441155;0.007332330261309211;0.61782199156189;0.01417220379258829;0.5034955714218894;0.00763035681577467;0.539172237856153;0.010978640653773814;0.5209664388206116;0.009533448967469455;1.0101599216461181;0.10957422350625816
SVDD_sigmoid_0.001_scale_;0.4252651932096569;0.005204920646523114;0.6914350231418316;0.013152462721970536;0.5265757327716281;0.005935610407447176;0.5465896099581516;0.008562889203007826;0.511218304589685;0.007700921120460388;1.324909234046936;0.12131890320096245
SVDD_sigmoid_0.005_scale_;0.42554096471443026;0.003832325332888179;0.7080069622279129;0.015519990544796624;0.5315209161779441;0.005748817592344141;0.5482280089445373;0.007778591838422804;0.5093955635273113;0.005855300705169186;1.6819233417510986;0.18076810954718872
SVDD_sigmoid_0.01_scale_;0.42504327118936686;0.004256931395488606;0.7080582179740139;0.015825321870118213;0.5311498527644757;0.0063205351647449915;0.5480121999428952;0.007629459392147304;0.5086302121090712;0.006228097698775144;1.6164035558700562;0.15208233440118965
SVDD_sigmoid_0.05_scale_;0.4250615156640287;0.004199123921419095;0.7082118671417476;0.01601584709037961;0.5312067318067438;0.006357826316461524;0.5479722690233958;0.007588897308357579;0.5086402785463403;0.006116650529351523;1.6578453063964844;0.15413628870166415
SVDD_sigmoid_0.1_scale_;0.4251271245777578;0.004174393064834568;0.7084936491152579;0.016128544704706607;0.5313356299226519;0.006329881339193238;0.5479931224044591;0.007609200779808511;0.508700703535158;0.006117883651616436;1.7485256671905518;0.13707075702154925
SVDD_sigmoid_0.2_scale_;0.4251482762831067;0.00418428153083536;0.7084168376503432;0.016521676245642356;0.5313300887014318;0.006528969859706899;0.5480111390020653;0.007536050256830923;0.508751060058614;0.006029268678075583;1.6782684087753297;0.15684733099655584
SVDD_sigmoid_0.3_scale_;0.4268650700586501;0.004613033007128791;0.6983764968724417;0.017886870534477642;0.5297968578624331;0.007369641455129721;0.5502007000931869;0.007042013875175976;0.5127489678783606;0.0063016910827307015;1.6862621784210206;0.1521156410036647
SVDD_sigmoid_0.4_scale_;0.4334454892899394;0.00440014271208946;0.6596233614428748;0.020825213494219535;0.5230122223328735;0.007844920541990685;0.5554110205805759;0.007290200151712205;0.5271697066252611;0.006117778020530622;1.7784232378005982;0.17554590020962607
SVDD_sigmoid_0.5_scale_;0.4409680023827587;0.004564339359897135;0.6018653706891123;0.02417419774351853;0.5087568621644412;0.008300473436461085;0.5618516000302503;0.0080493747449195;0.5433526488865823;0.006850824282490868;1.926856565475464;0.19241241021701816
SVDD_sigmoid_0.6_scale_;0.44720631661478094;0.005980363501153033;0.5258954340798891;0.027293856581622773;0.4830238382606063;0.012020348668570104;0.5683142011269726;0.008203142609955645;0.5579344993040094;0.00666197090413144;2.099942374229431;0.20407285592982
SVDD_sigmoid_0.7_scale_;0.4569870357103996;0.011603996248008737;0.4308429451522848;0.027938048819333074;0.442873880138466;0.013885430401468076;0.5736611521854802;0.007677834426783468;0.5745101624167481;0.010176963317269461;2.311089563369751;0.2387393327195089
SVDD_sigmoid_0.8_scale_;0.457819443960059;0.020254576334263884;0.3126376440460948;0.03130597835265194;0.370704935956123;0.024838313044659634;0.5778347030046965;0.008876535469688984;0.5840365541369386;0.010823211331252323;2.6125624656677244;0.26369096638384115
SVDD_sigmoid_0.9_scale_;0.44234159880854895;0.025013053257355918;0.17560506575218823;0.02920835443165384;0.2503724739437658;0.031973628902331144;0.580864552913373;0.00954722283300225;0.5891925960831651;0.00674600264215082;2.8159258365631104;0.30309142695072255
SVDD_sigmoid_0.0001_auto_;0.0;0.0;0.0;0.0;0.0;0.0;0.45300382503873876;0.03772683686528603;0.6068357142632603;2.4442571162985872e-05;0.06582434177398681;0.0017735588947348604
SVDD_sigmoid_0.0005_auto_;0.0;0.0;0.0;0.0;0.0;0.0;0.45300353602883214;0.03772685440668656;0.6068357142632603;2.4442571162985872e-05;0.06525077819824218;0.0020657297117305283
SVDD_sigmoid_0.001_auto_;0.0;0.0;0.0;0.0;0.0;0.0;0.45300353602883214;0.03772685440668656;0.6068357142632603;2.4442571162985872e-05;0.06512360572814942;0.0019062342451955682
SVDD_sigmoid_0.005_auto_;0.25;0.4031128874149275;0.00012807377049180329;0.00023615636417246126;0.0002558854639111114;0.0004716590575152931;0.48702619983367557;0.03649776245619879;0.6068558552501686;5.2080458959482855e-05;0.07509841918945312;0.004079550055839289
SVDD_sigmoid_0.01_auto_;0.4559663899171988;0.13610517374994902;0.2183131979282551;0.26165539016635303;0.20700258062100968;0.20517148769210747;0.5146395320405235;0.03798724298060202;0.5737745043012292;0.04506484548207531;0.09658944606781006;0.004782583049713558
SVDD_sigmoid_0.05_auto_;0.24452962584968918;0.06552102198188353;0.0378561729917508;0.017007133829430785;0.06497745092478806;0.027339015033599225;0.5360109825977478;0.026736596001783193;0.5774504980640336;0.010165974148511836;0.24520838260650635;0.03539857551446692
SVDD_sigmoid_0.1_auto_;0.376954450941423;0.04028802862120018;0.12888646989987618;0.01190158505809331;0.19178512634740838;0.017029080248839347;0.5425438111783373;0.01900710126734025;0.5729693008647888;0.013243145239536545;0.4854892253875732;0.04793194141546079
SVDD_sigmoid_0.2_auto_;0.42572045783251766;0.011857577229958874;0.4057437461955039;0.024061541080016104;0.4151456458593913;0.015074555242538689;0.5415305235577264;0.013218873494939283;0.5510565631964279;0.009778279230115133;0.8554580926895141;0.0791422952659231
SVDD_sigmoid_0.3_auto_;0.43268764222550915;0.006923425513565923;0.5262031259839215;0.02514919677723466;0.4744777463410215;0.00845877581407884;0.545349741598529;0.008232386845008132;0.5421240669380053;0.009827531672951022;1.1667766094207763;0.11521623947866315
SVDD_sigmoid_0.4_auto_;0.4376412623778565;0.007220614872470343;0.5524816925022565;0.02172305444313301;0.48813174146021077;0.008083801258063388;0.5537314021986331;0.009147346843708895;0.5446921563420024;0.009242165158061404;1.4610335111618042;0.1605870230353798
SVDD_sigmoid_0.5_auto_;0.44406143270884924;0.006349343000212707;0.5369602600701076;0.0250148734562714;0.48573136378285753;0.008312118367888532;0.5622427452105279;0.006836362760817731;0.553352448105422;0.008788868761525038;1.7198617696762084;0.16297358747203908
SVDD_sigmoid_0.6_auto_;0.44694000925384925;0.006153915350214253;0.4992060606935203;0.027300395264444628;0.4712494407149575;0.01254362258559751;0.5663713555640151;0.007022211134098917;0.5601398592889122;0.006612115698948423;1.9850682735443115;0.1759649630734286
SVDD_sigmoid_0.7_auto_;0.45882670086434485;0.013982871024616931;0.4317655485821037;0.024283213645697438;0.4443818087826988;0.013335687396271221;0.5730646917883016;0.008337426542965726;0.575940123813021;0.011463998417957097;2.2868783712387084;0.19574507406139058
SVDD_sigmoid_0.8_auto_;0.4576081825336498;0.0215567896148513;0.3163255258076027;0.03764272001530155;0.3729553549942155;0.02872789319590845;0.5772071379257111;0.009958060979748959;0.583724360727489;0.011375727872159881;2.480374646186829;0.24335253691161363
SVDD_sigmoid_0.9_auto_;0.43303597646811437;0.03272614233987763;0.1712502230221868;0.04105442958095995;0.24337966217863496;0.04624261690101788;0.5798750652223751;0.009904037030788009;0.5870476053145354;0.007801917732489396;2.789220666885376;0.3199688808864369
SVDD_poly_2_0.0001_scale_;0.25;0.4031128874149275;0.00010244589744127957;0.0001698774143915004;0.00020480000922843585;0.0003395927613081989;0.5288587749003547;0.02018000341621375;0.6068558532220762;6.562730587891116e-05;0.3389134883880615;0.03163205610011448
SVDD_poly_2_0.0005_scale_;0.16239155415844722;0.17873816014748473;0.005327678627652652;0.002199963417813961;0.009930092365094208;0.004008312243782019;0.5473965339587094;0.008916292385270662;0.5868560965931796;0.010187310634850247;2.094383406639099;0.23153490435913016
SVDD_poly_2_0.001_scale_;0.1568379586057783;0.055399071061136625;0.012499508039293885;0.003063054017188979;0.022899313906818933;0.005107118299855234;0.5546293132062476;0.009056946770706715;0.5825862438742733;0.008097307973638898;2.428336572647095;0.2648611987552937
SVDD_poly_2_0.005_scale_;0.1894720208218496;0.016023735470839788;0.022053280000419805;0.003293760207621259;0.03944399700237998;0.005410391603784781;0.5549863067431735;0.009843043349298173;0.5783770574871954;0.004315923259915802;2.76162269115448;0.28577649512801634
SVDD_poly_2_0.01_scale_;0.19317915423174678;0.019982847787766222;0.02269363573392666;0.00359808538677967;0.04055669288233179;0.006008420357314043;0.5556648050877175;0.009785945455511645;0.5784777644498298;0.004320927927596333;2.8741792917251585;0.28820574286425793
SVDD_poly_2_0.05_scale_;0.1933670279036004;0.02603155562569233;0.02348768655149976;0.0038821784911944996;0.04173810160612047;0.006259886406217968;0.5557959226989417;0.010061049792838853;0.5768564150037069;0.0089210232069243;2.8653876304626467;0.3666875640352448
SVDD_poly_2_0.1_scale_;0.19367894624270263;0.026830372559135198;0.02364136195713776;0.0035242551437390966;0.041999333131334166;0.005720031600332494;0.5557776146972092;0.010022164779731254;0.5766449305849839;0.008939533262601102;2.756053018569946;0.2766023288683383
SVDD_poly_2_0.2_scale_;0.19249531312867924;0.025040908543532872;0.023231539010516153;0.0035353645181268453;0.04131461993127872;0.005639922050127559;0.5557702540104058;0.010023428440455468;0.5769168349222931;0.008839178717216215;2.771120238304138;0.27498621022408815
SVDD_poly_2_0.3_scale_;0.193878293362106;0.024345234660946204;0.02351326194874163;0.0036444523761589753;0.04179137236503104;0.005791531678350231;0.5557830436030672;0.010032697300561432;0.5769369728670626;0.008799447473448114;2.7857223987579345;0.2756096927643107
SVDD_poly_2_0.4_scale_;0.19321716211525858;0.024754032339657842;0.023308383272811234;0.0034697415106293926;0.04145308243236202;0.005532829205666462;0.5557840515646436;0.010026788754262685;0.5769671873895641;0.008944487790441871;2.756757879257202;0.2666767644801143
SVDD_poly_2_0.5_scale_;0.1965682719755556;0.02102055956185227;0.023308383272811234;0.0035445617519843913;0.04161490228767477;0.0059069048533364;0.5557851952701472;0.010021899751682327;0.5784777624217371;0.004452665960829821;2.7645659685134887;0.2751063038817726
SVDD_poly_2_0.6_scale_;0.19343289809793937;0.024103896553801046;0.02338522753510632;0.0033720445751232817;0.04157998281650513;0.005344698107817249;0.5557783640471413;0.01003566382877907;0.5769067664569316;0.008982849856140058;2.8820377349853517;0.30828312326781027
SVDD_poly_2_0.7_scale_;0.19279000326546647;0.023910922582170684;0.023333991467433514;0.0035249476437772126;0.04148508731052265;0.005606731339745497;0.5558263083877144;0.009997877535342335;0.5768866224278844;0.008768313379853118;2.7702075242996216;0.26848735357734116
SVDD_poly_2_0.8_scale_;0.18929716500045773;0.02516603999066033;0.022693655412354904;0.0036900016504446604;0.040382712753069795;0.005928222409374543;0.5563761749186388;0.010161547976511079;0.5768463465383451;0.008872325211267502;2.7547190189361572;0.27709424516237285
SVDD_poly_2_0.9_scale_;0.19755508511308895;0.06562324322592161;0.019492066969627003;0.004315086551590629;0.035017305621154474;0.006821840634248943;0.5582777139460229;0.011194600059197087;0.5798168865676694;0.011789330599496035;2.7740429401397706;0.274258301027073
SVDD_poly_2_0.0001_auto_;0.0;0.0;0.0;0.0;0.0;0.0;0.4530037974281992;0.037726856885053596;0.6068357142632603;2.4442571162985872e-05;0.06551954746246338;0.006043026834493312
SVDD_poly_2_0.0005_auto_;0.0;0.0;0.0;0.0;0.0;0.0;0.4530036550159432;0.037726842075825745;0.6068357142632603;2.4442571162985872e-05;0.07269442081451416;0.005251739519965632
SVDD_poly_2_0.001_auto_;0.0;0.0;0.0;0.0;0.0;0.0;0.4530036550159432;0.037726842075825745;0.6068357142632603;2.4442571162985872e-05;0.06412529945373535;0.002923510207141751
SVDD_poly_2_0.005_auto_;0.2;0.4000000000000001;5.122950819672131e-05;0.00010245901639344264;0.00010243277848911651;0.00020486555697823302;0.4895077866424821;0.03596143939014006;0.6068558552501686;5.2080458959482855e-05;0.07813146114349365;0.005923835687697504
SVDD_poly_2_0.01_auto_;0.4038640700166301;0.10988462147436937;0.06091087508658509;0.03568497237946616;0.10196073212454396;0.053507790473771424;0.5201347285407609;0.0387050825794252;0.5925559522842557;0.01925542174615468;0.09717459678649902;0.012956496835159268
SVDD_poly_2_0.05_auto_;0.3154769544779514;0.073787978424444;0.021925252146260572;0.009381816791909296;0.04019639138907093;0.01600475433471972;0.5307444564933677;0.0268849139024124;0.5940565247640744;0.009951618943035562;0.1968601942062378;0.023681165018328485
SVDD_poly_2_0.1_auto_;0.3459977215322436;0.10026721382515535;0.00878566387145526;0.004215422049275077;0.016912584060699107;0.007914065771749502;0.5429707812926388;0.02002297771720903;0.6015084293102773;0.007829019117634492;0.345158314704895;0.048904338755664835
SVDD_poly_2_0.2_auto_;0.32648111719868145;0.2119829311043143;0.002638273755798577;0.0024756521808569493;0.0051137900893372164;0.004596249816467523;0.5438543658651251;0.011766833217460925;0.6035326086350298;0.006834895478577362;0.6427964925765991;0.07256032544823977
SVDD_poly_2_0.3_auto_;0.41536138733931605;0.2744569106674753;0.0013575688482609517;0.0015112800532710172;0.0026335994150403575;0.002806855061945101;0.5542903204930536;0.011337976051495753;0.6040461916326378;0.0072119310047421585;0.8608553647994995;0.08927311265136702
SVDD_poly_2_0.4_auto_;0.3705519090007542;0.07800727100709495;0.3649826633047165;0.30916934670113405;0.3174025176287635;0.1940114790717233;0.551862916099636;0.014493205615125421;0.5456179278512167;0.03398947651590478;1.1369131803512573;0.11382354983654121
SVDD_poly_2_0.5_auto_;0.2899594535201465;0.07846183904169222;0.08311799447954492;0.05220052164609459;0.1254548782920305;0.06609584970915555;0.5488981128588909;0.012751285521368453;0.5683771994536725;0.011316525020737465;1.482227873802185;0.13421947982264956
SVDD_poly_2_3_0.6_auto_;0.3104601374741963;0.11355159600861342;0.03659983653785605;0.024308163330712357;0.06154252328745731;0.03864485711608147;0.5514559764612915;0.016814686428588754;0.5801194941977794;0.01967312093262312;1.6863099575042724;0.18826004336188598
SVDD_poly_2_0.7_auto_;0.3835097755316895;0.07863662545310714;0.383187118238492;0.26652694792015974;0.3479986155966889;0.18159806725017175;0.5548549618264007;0.016296425812246145;0.5510467259336147;0.021893336495390107;1.9468578577041626;0.19812814650523503
SVDD_poly_2_0.8_auto_;0.41819475115023297;0.023524497120882615;0.3138189860099494;0.11199056409058601;0.3486821122801459;0.08373012175607672;0.5536697475575899;0.015686454245775805;0.5614689687139348;0.014729453491424273;2.2258533239364624;0.2154938404652555
SVDD_poly_2_0.9_auto_;0.3561287297256217;0.0659504893424986;0.1667446041749753;0.1464576175921927;0.20580634193824948;0.13006702920973343;0.5583345098358545;0.015809454971796998;0.57164010625988;0.01521433717124119;2.5102987051010133;0.25124542603899497
SVDD_poly_3_0.0001_scale_;0.15;0.32015621187164245;7.683114334291891e-05;0.0001639796236131664;0.00015358361998387757;0.0003277913569834348;0.5191049853864147;0.022862866525220776;0.6068256417417136;8.315686467405686e-05;0.34075977802276614;0.03346437954148633
SVDD_poly_3_0.0005_scale_;0.5930120481927712;0.34235246869147606;0.0008708754014399361;0.0006796500737118429;0.0017286852064829386;0.001349357936869963;0.4987510768573015;0.010591183780652493;0.6054459851525374;0.004777011363699205;2.3628231048583985;0.23341941360939122
SVDD_poly_3_0.001_scale_;0.6737878787878787;0.11760716739593739;0.0016392852270103481;0.0006500725041932879;0.0032699090154474446;0.0012940530101189472;0.5020804060715227;0.009320520279508476;0.6071881795060641;0.000276082491145555;2.785929322242737;0.2906816757466396
SVDD_poly_3_0.005_scale_;0.4150851538642236;0.257359570427031;0.0008452606473415754;0.0003446268785726812;0.0016852383718968344;0.0006869249787899628;0.5086220659422123;0.010178187775046319;0.6063120557019669;0.0010790252872058814;2.90322802066803;0.251112316194883
SVDD_poly_3_0.01_scale_;0.463431103779941;0.25557346022850236;0.0010501655611762975;0.0003127033950130297;0.002092582953515343;0.000621095545551997;0.5088660218837673;0.010284848217904518;0.6063321966888753;0.0010115396520056768;2.861198377609253;0.3227208123207612
SVDD_poly_3_0.05_scale_;0.5454902621425929;0.21057946285764423;0.0017416130538821604;0.0013922462318235436;0.0034051607842655804;0.0025856662262579806;0.5092253277960255;0.010439823975525035;0.6046909263038834;0.006727205173306655;2.789745545387268;0.2721425794352447
SVDD_poly_3_0.1_scale_;0.6277164502164502;0.22984175953648758;0.0010245442476018553;0.00034367266804895854;0.002043293976816407;0.0006824219923341867;0.509250754834377;0.010449684182376759;0.6067249347790794;0.000783923356065102;2.963623547554016;0.2687384480275803
SVDD_poly_3_0.2_scale_;0.530532968678038;0.24424889732844854;0.0022283983333683173;0.0011458483263606816;0.004373107591080532;0.002099247236609369;0.5092625158095347;0.010468734354759465;0.6045295732903458;0.007134313105320205;2.859389638900757;0.3095931128602632
SVDD_poly_3_0.3_scale_;0.5731905594405594;0.29980170034180287;0.0018697327407065343;0.0012807191954881624;0.0036669007543482985;0.0024160743696385444;0.5092629089143862;0.010450950624232506;0.6045499383814786;0.006886990250100451;2.797066402435303;0.27076993929888227
SVDD_poly_3_0.4_scale_;0.43498305320657515;0.3439760514269726;0.0016135655212946832;0.001335771071783472;0.003140779105704926;0.002482119177834811;0.5092619766991927;0.010461311906650244;0.6027372566580503;0.007740979238658989;2.8243383169174194;0.2750374226487846
SVDD_poly_3_0.5_scale_;0.5848115079365079;0.29669808051326046;0.0012294426019604963;0.000783652221256416;0.0024521396475308942;0.0015632357668755139;0.5092633662729308;0.010466053111592065;0.6067853546976656;0.0009645490347547697;2.799426317214966;0.27087813139021044
SVDD_poly_3_0.6_scale_;0.43239275803520005;0.30836836394541356;0.0022282999412270945;0.0018147137591952175;0.004292875528331119;0.0033553343924874073;0.5092589131495533;0.010465624545589663;0.6005821690307636;0.00979918739242294;2.810486888885498;0.2624353496133352
SVDD_poly_3_0.7_scale_;0.41331608743797893;0.2903623744736467;0.0018442032597972336;0.0011782955230844267;0.0036042443984598076;0.0022179299814963534;0.5092554270057217;0.010472619303960689;0.6025960426033286;0.00820931349278562;2.794411468505859;0.26269616179392297
SVDD_poly_3_0.8_scale_;0.5497850352262118;0.2826677197251284;0.0015880229214332194;0.0004966506552317302;0.0031504238520688394;0.000981795616302842;0.5092647346225295;0.010466431060601787;0.6051740737169045;0.004802905581917881;2.888598680496216;0.24768500686272166
SVDD_poly_3_0.9_scale_;0.4172791050239031;0.22812792732215584;0.001869791775991268;0.0015199351900010937;0.003634739798445717;0.002826395094449133;0.5092615515828787;0.01046727787575715;0.6028679408563601;0.008206344848529267;2.9146888494491576;0.3581110714599255
SVDD_poly_3_0.0001_auto_;0.0;0.0;0.0;0.0;0.0;0.0;0.4530037230451991;0.03772677471879436;0.6068357142632603;2.4442571162985872e-05;0.06864631175994873;0.004953901970261493
SVDD_poly_3_0.0005_auto_;0.0;0.0;0.0;0.0;0.0;0.0;0.45300372304302217;0.03772689873825525;0.6068357142632603;2.4442571162985872e-05;0.06965465545654297;0.0045123212017129394
SVDD_poly_3_0.001_auto_;0.0;0.0;0.0;0.0;0.0;0.0;0.45300372304302217;0.03772689873825525;0.6068357142632603;2.4442571162985872e-05;0.0646364688873291;0.005736387042418399
SVDD_poly_3_0.005_auto_;0.2;0.4000000000000001;5.122950819672131e-05;0.00010245901639344264;0.00010243277848911651;0.00020486555697823302;0.4903085871233889;0.03589012243988312;0.6068558552501686;5.2080458959482855e-05;0.08068885803222656;0.0070622865906772555
SVDD_poly_3_0.01_auto_;0.4154243786865738;0.16591867361086568;0.0060191982745954106;0.004027562295980219;0.011805480706377524;0.0077714280093596376;0.5234251232080347;0.0389796468798436;0.6058689408073816;0.0016431761546758404;0.0922926664352417;0.004606030155309126
SVDD_poly_3_0.05_auto_;0.302426631587349;0.15079554920551716;0.002305222917235154;0.001536894007298598;0.004488495541240729;0.002858935603317857;0.5238207977805666;0.027915623678920604;0.6028679428844524;0.0073147437977601325;0.19276814460754393;0.026957425223695753
SVDD_poly_3_0.1_auto_;0.42317408924716976;0.2748041297135734;0.0011270360613757058;0.001571509488773662;0.0021717871799300124;0.0029250865147989365;0.5278715561572783;0.02105243339122135;0.6037944303103295;0.007128385970287791;0.3266578435897827;0.030282705261612766
SVDD_poly_3_0.2_auto_;0.5088792335115865;0.38422173957839223;0.0009733475367855419;0.0013447180999700545;0.0018814414979472743;0.002506613401377755;0.5192862777783297;0.013243627508667373;0.6042475994736287;0.007047384758829224;0.6002542495727539;0.055689469691172805
SVDD_poly_3_0.3_auto_;0.5643452380952381;0.351014529169675;0.0011270295018996242;0.0011466835982472687;0.0021941367493238093;0.0021346690528495057;0.5233463809266115;0.010137072653817785;0.6042979499128072;0.007194944697765141;0.8621482372283935;0.08631644653145505
SVDD_poly_3_0.4_auto_;0.27506169987833606;0.11080908000958625;0.021182981832875043;0.009997532841389965;0.038514325002801525;0.017393589090611422;0.5156271701209131;0.013329344348715378;0.588709057248286;0.018067664154548323;1.1422270298004151;0.11213603383640686
SVDD_poly_3_0.5_auto_;0.2795959639670186;0.18362287387955856;0.0037651786276526517;0.001537012717355892;0.007285355453532601;0.0028385051979425207;0.508026132751222;0.01273215052396659;0.5988097692811517;0.010336269768639312;1.4013941049575807;0.14700036180816803
SVDD_poly_3_3_0.6_auto_;0.39798442118125715;0.31046933477426847;0.0027149868285720282;0.0015960838424631944;0.005247653931090511;0.0029273331759261615;0.5093823015785873;0.014959912233332996;0.6002296987177284;0.009958992302026768;1.6634658813476562;0.17578410399038807
SVDD_poly_3_0.7_auto_;0.32586132430018966;0.05509481239589342;0.13625813375034107;0.08598533891621273;0.18091744147619135;0.09412288588969456;0.5109576861737105;0.013451904382408873;0.5575923063498665;0.024850272220881958;1.9547625541687013;0.19356532622341607
SVDD_poly_3_0.8_auto_;0.22888724777416578;0.09066514974373209;0.015265737495014798;0.003829290868332366;0.028254809773332674;0.006706804915740372;0.5072961800383132;0.012483141122554522;0.5882662546799503;0.013547484722152406;2.216532588005066;0.21785493836600206
SVDD_poly_3_0.9_auto_;0.289280116217551;0.16210725284026176;0.0055836425033059765;0.0023466694619511124;0.010720000262019583;0.004246770607387009;0.510449955192835;0.014555977420606507;0.5983667071169723;0.010243462531393214;2.5027443170547485;0.2457157116070678
SVDD_poly_4_0.0001_scale_;0.1;0.30000000000000004;5.1216389244558256e-05;0.00015364916773367475;0.00010238034297414894;0.0003071410289224468;0.5166254277176806;0.01984747278868093;0.6068256417417136;0.00010474568095555631;0.3431476831436157;0.03241415117621923
SVDD_poly_4_0.0005_scale_;0.6100147819660016;0.3238892775318274;0.001254972082869797;0.0013278928393700138;0.002435206224400079;0.0024690400544098733;0.4822099878874452;0.01220406754434831;0.6031702797642099;0.007896805211492717;2.3580366373062134;0.23335693595592075
SVDD_poly_4_0.001_scale_;0.6407976606210808;0.20661299208260422;0.0020233819084402092;0.0013715967348615291;0.0039641059005661545;0.0025312297217253113;0.4828867897458514;0.010288083813608444;0.604932615104645;0.00687030734326452;2.970995855331421;0.37043979092160395
SVDD_poly_4_0.005_scale_;0.3862456445993031;0.27658337879630573;0.0007684032660943305;0.00041301737183413396;0.0015316639878686198;0.0008229779884888683;0.4885925853860303;0.010430720074201991;0.6063120536738744;0.0010287851208701149;2.784463143348694;0.27870580490190217
SVDD_poly_4_0.01_scale_;0.5314019314019314;0.3268266812897815;0.0009989229340274133;0.00045023346382952966;0.001989673886642211;0.0008935361775570509;0.4882764742224599;0.01025368986333774;0.6063523346336449;0.000985359839236349;2.768019962310791;0.28083246793638417
SVDD_poly_4_0.05_scale_;0.46804684248282047;0.23905592542117765;0.0018184901135576497;0.0017686006767524622;0.00349668077166098;0.003272125257145517;0.4888569134166156;0.010511832854644285;0.6021733019262925;0.009291354671834657;2.79366614818573;0.28747110814142396
SVDD_poly_4_0.1_scale_;0.5610639819203953;0.25354125634179187;0.0020235130979618394;0.0015725704358037925;0.003955296492955313;0.0029294386816839184;0.4889174904536263;0.010502875846642223;0.6046504141415647;0.007097973882878254;2.804673743247986;0.2719960501703265
SVDD_poly_4_0.2_scale_;0.5603691745370136;0.27171913186734525;0.0022027966982221194;0.0014086139101418915;0.004292637193074796;0.002578393230107581;0.48891601496011283;0.010513840470554734;0.6032304705083403;0.00805770051077782;3.0695689916610718;0.30395109174018387
SVDD_poly_4_0.3_scale_;0.5518591546328773;0.22562245713670562;0.0018442032597972336;0.0011614819334480372;0.0036136150434388655;0.0021348259289087125;0.4889145746587437;0.010493192630099835;0.6046000596462011;0.007111238266684778;2.822705698013306;0.32344344951976883
SVDD_poly_4_0.4_scale_;0.536376050420168;0.2749157985542016;0.0017673589975021515;0.0015173597646222432;0.003449300475282516;0.002821605980555599;0.4889238106122411;0.0104950897707513;0.6045597776723846;0.007103949218528388;2.9282007694244383;0.27411121568353464
SVDD_poly_4_0.5_scale_;0.5082647464726369;0.27991394085327115;0.001818476994605487;0.0013130051573282616;0.003542500632340613;0.0024335035938079174;0.4889171134383227;0.010499541282848066;0.6030595043362139;0.007879666763813856;2.7460699319839477;0.2734925029735909
SVDD_poly_4_0.6_scale_;0.4579528940665988;0.35652741189054765;0.002612508133750341;0.001443263737619972;0.005055796922012187;0.002629231253778742;0.48891395101323515;0.010505095890362054;0.6003807469931247;0.009730764251668729;2.755170392990112;0.2755490973298454
SVDD_poly_4_0.7_scale_;0.5585964973993143;0.33418392554497905;0.0017929803110765935;0.0012704716542891856;0.0034936741248671526;0.0023372315373529273;0.4889161856545309;0.010507179005095518;0.603029061653303;0.0082551706044807;2.7484783411026;0.2767951478345034
SVDD_poly_4_0.8_scale_;0.43441666462371986;0.2948309492485421;0.001741652410738649;0.0011835209412531448;0.00340628858209283;0.0022104043396653974;0.4889098828394496;0.010504473085152689;0.602817814521406;0.007842837843215949;2.767900013923645;0.27459077019704975
SVDD_poly_4_0.9_scale_;0.5546909233176839;0.25868674210954273;0.001997865546483071;0.0014298641316587521;0.003908268202725767;0.0026663137836988047;0.4889225483517726;0.010494938097699321;0.604459069695704;0.007305097062796808;3.083105182647705;0.3426856386357026
SVDD_poly_4_0.0001_auto_;0.0;0.0;0.0;0.0;0.0;0.0;0.45300368692181825;0.03772684098923234;0.6068357142632603;2.4442571162985872e-05;0.0670619010925293;0.0033253385110800088
SVDD_poly_4_0.0005_auto_;0.0;0.0;0.0;0.0;0.0;0.0;0.45300375067424364;0.03772685136347657;0.6068357142632603;2.4442571162985872e-05;0.06482021808624268;0.0019020707302924893
SVDD_poly_4_0.001_auto_;0.0;0.0;0.0;0.0;0.0;0.0;0.45300375067424364;0.03772685136347657;0.6068357142632603;2.4442571162985872e-05;0.06430616378784179;0.001800905361492665
SVDD_poly_4_0.005_auto_;0.2;0.4000000000000001;5.122950819672131e-05;0.00010245901639344264;0.00010243277848911651;0.00020486555697823302;0.49061595520200135;0.03585464235545738;0.6068558552501686;5.2080458959482855e-05;0.07347428798675537;0.0036422636399607846
SVDD_poly_4_0.01_auto_;0.39420870795870794;0.2849824937338046;0.000998916374551332;0.0008295246125677411;0.0019907513971133797;0.0016516795186354437;0.5247993604937958;0.03919294497161741;0.6065940203922676;0.0006164715117428465;0.08976728916168213;0.006181476572060131
SVDD_poly_4_0.05_auto_;0.29654870306653225;0.3143716423937494;0.0010245704855061815;0.0013746405099994573;0.001976644630786935;0.002566905727648957;0.5211338253662162;0.028596756820861654;0.6036333024150627;0.0071915661921918665;0.18640584945678712;0.018420480111032964
SVDD_poly_4_0.1_auto_;0.30935897435897436;0.37494424306067065;0.0007940508175730988;0.0013183540323068615;0.0015258464485557687;0.002464413228318015;0.522253473902016;0.022473106429184424;0.6040461896045454;0.006991265154013089;0.327624249458313;0.030285694818845306
SVDD_poly_4_0.2_auto_;0.5960360058146035;0.4262166946580913;0.0009221180285888204;0.0012663164487781318;0.0017828791331836152;0.002358993149807964;0.5099978248440958;0.014764528785433427;0.6042878794193531;0.00709618167420267;0.6048016786575318;0.05487787431826281
SVDD_poly_4_0.3_auto_;0.5446813725490196;0.3756286869277942;0.001075799993702903;0.0011670996458907458;0.0020919127303640163;0.0021756832884513417;0.5108878003529889;0.009987071675706631;0.604287879419353;0.007187488462642746;0.8687772512435913;0.08456549113706083
SVDD_poly_4_0.4_auto_;0.32080417728001853;0.1598856282112202;0.00455930815893873;0.0017252959015451861;0.008859356261417555;0.0032406423433640956;0.5010818356407575;0.013211742318723895;0.6003805421557792;0.010501794153111548;1.14625403881073;0.11613456363210525
SVDD_poly_4_0.5_auto_;0.3421036265995586;0.23827800029234011;0.002433237652442224;0.001640919624993095;0.004690493751626824;0.0030115563452152824;0.4912594423598324;0.012864312107670722;0.600098782302824;0.009928866741181677;1.5093870639801026;0.1613178312274161
SVDD_poly_4_3_0.6_auto_;0.45672645733337464;0.3344875378231093;0.002561298303981864;0.0015869971979453402;0.004950485794577953;0.002913927688271404;0.4923739140969131;0.01477399515296942;0.6004713854903974;0.009807990229856225;1.709895920753479;0.21579872259612462
SVDD_poly_4_0.7_auto_;0.2518059823297758;0.07334456608265891;0.02776479293045906;0.006280731603332077;0.049292522329780035;0.01031161979619873;0.49210730404952646;0.01196048798381685;0.5805826669274794;0.01835417392727695;1.9422871351242066;0.20595354429304585
SVDD_poly_4_0.8_auto_;0.26982958455026385;0.15515349050038213;0.005250729413740265;0.0015206476983183946;0.010138343380333587;0.002762265203366595;0.4866659054913177;0.011153359709920423;0.5984674029250975;0.009840830318945563;2.2126928091049196;0.22697784519404057
SVDD_poly_4_0.9_auto_;0.3916360150556159;0.2659086842557994;0.0038163556600407213;0.0014864456489685968;0.007398760000015048;0.0026784095920903495;0.48930420449010503;0.01337978612160378;0.6004109686139498;0.009660891187638526;2.4859543323516844;0.25388168437204955
